{
  "required": true,
  "compatibilityLevel": "JAVA_8",
  "package": "be.p7n.client.mixin.mixins",
  "refmap": "mixins.oyvey.refmap.json",
  "mixins": [
    "MixinBlockLiquid",
    "MixinEntityPlayer",
    "MixinEntityPlayerSP",
    "MixinEntityRenderer",
    "MixinGuiNewChat",
    "MixinGuiPlayerTabOverlay",
    "MixinGuiScreen",
    "MixinRenderPlayer",
    "MixinItemRenderer",
    "MixinRenderItem",
    "MixinMinecraft",
    "MixinNetworkManager",
    "MixinPlayerControllerMP",
    "MixinRenderEnderCrystal",
    "MixinRenderLivingBase",
    "MixinWorld"
  ]
}
